{
  "num_trials": 100,
  "layer": 12,
  "test_set_size": 15,
  "random_baseline": {
    "mean_auroc": 0.4977777777777777,
    "median_auroc": 0.4811111111111111,
    "std_auroc": 0.24030392279079005,
    "min_auroc": 0.022222222222222227,
    "max_auroc": 0.9688888888888889,
    "95th_percentile": 0.8568888888888887,
    "all_aurocs": [
      0.76,
      0.3711111111111111,
      0.1711111111111111,
      0.8133333333333335,
      0.56,
      0.28888888888888886,
      0.45333333333333337,
      0.18666666666666665,
      0.6111111111111112,
      0.38222222222222224,
      0.44,
      0.08444444444444443,
      0.6799999999999999,
      0.6577777777777778,
      0.5377777777777778,
      0.7822222222222223,
      0.36000000000000004,
      0.9688888888888889,
      0.09333333333333332,
      0.7511111111111111,
      0.6755555555555556,
      0.37333333333333335,
      0.5577777777777778,
      0.4,
      0.5733333333333333,
      0.7288888888888889,
      0.29777777777777775,
      0.4311111111111111,
      0.8400000000000001,
      0.2733333333333333,
      0.9244444444444445,
      0.76,
      0.3511111111111111,
      0.022222222222222227,
      0.4622222222222222,
      0.38222222222222224,
      0.0711111111111111,
      0.41333333333333333,
      0.48,
      0.41333333333333333,
      0.8533333333333334,
      0.6577777777777778,
      0.5733333333333334,
      0.5111111111111111,
      0.7177777777777778,
      0.5866666666666667,
      0.731111111111111,
      0.3466666666666667,
      0.76,
      0.5244444444444445,
      0.09333333333333332,
      0.7533333333333334,
      0.2533333333333333,
      0.5333333333333334,
      0.6844444444444444,
      0.2177777777777778,
      0.3844444444444444,
      0.7511111111111111,
      0.49777777777777776,
      0.2488888888888889,
      0.40888888888888886,
      0.3244444444444445,
      0.9333333333333333,
      0.2866666666666667,
      0.4044444444444444,
      0.9466666666666667,
      0.7377777777777778,
      0.2177777777777778,
      0.76,
      0.07999999999999999,
      0.27999999999999997,
      0.5911111111111111,
      0.648888888888889,
      0.768888888888889,
      0.6444444444444444,
      0.4822222222222222,
      0.12,
      0.44666666666666666,
      0.7622222222222221,
      0.4955555555555555,
      0.23555555555555557,
      0.05333333333333333,
      0.9422222222222223,
      0.41111111111111115,
      0.7733333333333333,
      0.8222222222222222,
      0.6044444444444443,
      0.508888888888889,
      0.21111111111111114,
      0.33999999999999997,
      0.8244444444444444,
      0.6533333333333333,
      0.4444444444444444,
      0.29333333333333333,
      0.31555555555555553,
      0.1911111111111111,
      0.2977777777777778,
      0.3933333333333333,
      0.8488888888888889,
      0.2088888888888889
    ]
  },
  "empathy_probe": {
    "auroc": 1.0
  },
  "comparison": {
    "z_score": 2.089945999135708,
    "difference_from_mean": 0.5022222222222223,
    "difference_from_median": 0.518888888888889,
    "difference_from_95th": 0.1431111111111113,
    "significant_at_95": true
  }
}